{
  "id": "",
  "name": "",
  "font_family": "iconfont",
  "css_prefix_text": "icon-",
  "description": "",
  "glyphs": [
    {
      "icon_id": "553321",
      "name": "手机",
      "font_class": "shouji",
      "unicode": "e621",
      "unicode_decimal": 58913
    },
    {
      "icon_id": "1440210",
      "name": "个人",
      "font_class": "tubiaozhizuomoban",
      "unicode": "e610",
      "unicode_decimal": 58896
    },
    {
      "icon_id": "8159817",
      "name": "电话售后",
      "font_class": "wujieshejishigongju-",
      "unicode": "e62e",
      "unicode_decimal": 58926
    },
    {
      "icon_id": "8776822",
      "name": "cart_empty",
      "font_class": "icon-test",
      "unicode": "e63b",
      "unicode_decimal": 58939
    },
    {
      "icon_id": "8776842",
      "name": "search",
      "font_class": "icon-test1",
      "unicode": "e63c",
      "unicode_decimal": 58940
    },
    {
      "icon_id": "8777251",
      "name": "customer_service",
      "font_class": "icon-test2",
      "unicode": "e64d",
      "unicode_decimal": 58957
    },
    {
      "icon_id": "8777512",
      "name": "arrow_right",
      "font_class": "icon-test3",
      "unicode": "e658",
      "unicode_decimal": 58968
    },
    {
      "icon_id": "8777601",
      "name": "page_turning_right",
      "font_class": "icon-test4",
      "unicode": "e65b",
      "unicode_decimal": 58971
    },
    {
      "icon_id": "8777649",
      "name": "social_sina",
      "font_class": "icon-test5",
      "unicode": "e65d",
      "unicode_decimal": 58973
    },
    {
      "icon_id": "8777657",
      "name": "social_wechat",
      "font_class": "icon-test6",
      "unicode": "e65e",
      "unicode_decimal": 58974
    },
    {
      "icon_id": "11474331",
      "name": "rising",
      "font_class": "rising",
      "unicode": "e703",
      "unicode_decimal": 59139
    },
    {
      "icon_id": "14945196",
      "name": "售后服务",
      "font_class": "shouhoufuwu",
      "unicode": "e614",
      "unicode_decimal": 58900
    }
  ]
}
